TRD,ID,SIDE,SIZE,PX,ACCT
LMT,2,OrderSide(Buy),11.000000,98.989998,10101
LMT,4,OrderSide(Buy),21.000000,98.980003,10101
LMT,6,OrderSide(Buy),31.000000,98.970001,10101
LMT,1,OrderSide(Sell),10.000000,99.010002,10101
LMT,3,OrderSide(Sell),20.000000,99.019997,10101
LMT,5,OrderSide(Sell),30.000000,99.029999,10101
